{
    "id": 1,
    "name": "美颜",
    "list": [
        {
            "name": "磨皮",
            "type": {
                "id": 1001,
                "defaultValue": 0.7
            },
            "srcSelectedPath": "cosmos/icon/skin_smooth.png",
            "srcNotSelectedPath": "cosmos/icon/skin_smooth.png"
        },
        {
            "name": "美白",
            "type": {
                "id": 1002,
                "defaultValue": 0.4,
                "innerType": 100202
            },
            "srcSelectedPath": "cosmos/icon/skin_whitening.png",
            "srcNotSelectedPath": "cosmos/icon/skin_whitening.png"
        },
        {
            "name": "红润",
            "type": {
                "id": 1003,
                "defaultValue": 0.5,
                "innerType": 100302
            },
            "srcSelectedPath": "cosmos/icon/ruddy_selected.png",
            "srcNotSelectedPath": "cosmos/icon/ruddy_selected.png"
        },
        {
            "name": "大眼",
            "type": {
                "id": 1004,
                "defaultValue": 0.4
            },
            "srcSelectedPath": "cosmos/icon/big_eye_normal.png",
            "srcNotSelectedPath": "cosmos/icon/big_eye_normal.png"
        },
        {
            "name": "瘦脸",
            "type": {
                "id": 1005,
                "defaultValue": 0.5
            },
            "srcSelectedPath": "cosmos/icon/thin_face.png",
            "srcNotSelectedPath": "cosmos/icon/thin_face.png"
        },
        {
            "name": "锐化",
            "type": {
                "id": 1006,
                "defaultValue": 0.5
            },
            "srcSelectedPath": "cosmos/icon/sharpen.png",
            "srcNotSelectedPath": "cosmos/icon/sharpen.png"
        }
    ]
}