{
    "id": 5,
    "name": "滤镜",
    "list": [
        {
            "name": "原图",
            "type": {
                "id": 6000
            },
            "srcSelectedPath": "cosmos/icon/clear.png",
            "srcNotSelectedPath": "cosmos/icon/clear.png"
        },
        {
            "name": "清冷",
            "type": {
                "id": 6001,
                "path": "cosmos/lookup/Boyhood/lookup.png",
                "defaultValue": 0.4
            },
            "srcSelectedPath": "cosmos/lookup/Boyhood/icon.jpg",
            "srcNotSelectedPath": "cosmos/lookup/Boyhood/icon.jpg"
        },
        {
            "name": "日风",
            "type": {
                "id": 6002,
                "path": "cosmos/lookup/bbq/lookup.png",
                "defaultValue": 0.4
            },
            "srcSelectedPath": "cosmos/lookup/bbq/icon.jpg",
            "srcNotSelectedPath": "cosmos/lookup/bbq/icon.jpg"
        },
        {
            "name": "风景",
            "type": {
                "id": 6003,
                "path": "cosmos/lookup/01_85f9891a843f4d2b/lookup.png",
                "defaultValue": 0.4
            },
            "srcSelectedPath": "cosmos/lookup/01_85f9891a843f4d2b/icon.jpg",
            "srcNotSelectedPath": "cosmos/lookup/01_85f9891a843f4d2b/icon.jpg"
        },
        {
            "name": "白嫩",
            "type": {
                "id": 6004,
                "path": "cosmos/lookup/03_e66868c31a7c49f1/lookup.png",
                "defaultValue": 0.4
            },
            "srcSelectedPath": "cosmos/lookup/03_e66868c31a7c49f1/icon.jpg",
            "srcNotSelectedPath": "cosmos/lookup/03_e66868c31a7c49f1/icon.jpg"
        },
        {
            "name": "黑白",
            "type": {
                "id": 6004,
                "path": "cosmos/lookup/05_ea260182116c309c/lookup.png",
                "defaultValue": 0.4
            },
            "srcSelectedPath": "cosmos/lookup/05_ea260182116c309c/icon.jpg",
            "srcNotSelectedPath": "cosmos/lookup/05_ea260182116c309c/icon.jpg"
        },
        {
            "name": "奶油",
            "type": {
                "id": 6004,
                "path": "cosmos/lookup/08_4209bb8c0a5c977c/lookup.png",
                "defaultValue": 0.4
            },
            "srcSelectedPath": "cosmos/lookup/08_4209bb8c0a5c977c/icon.jpg",
            "srcNotSelectedPath": "cosmos/lookup/08_4209bb8c0a5c977c/icon.jpg"
        },
        {
            "name": "荧光",
            "type": {
                "id": 6005,
                "path": "cosmos/lookup/11_60b04491b92158ba/lookup.png",
                "defaultValue": 0.4
            },
            "srcSelectedPath": "cosmos/lookup/11_60b04491b92158ba/icon.jpg",
            "srcNotSelectedPath": "cosmos/lookup/11_60b04491b92158ba/icon.jpg"
        },
        {
            "name": "质感",
            "type": {
                "id": 6006,
                "path": "cosmos/lookup/13_12719f1a07d1a8b4/lookup.png",
                "defaultValue": 0.4
            },
            "srcSelectedPath": "cosmos/lookup/13_12719f1a07d1a8b4/icon.jpg",
            "srcNotSelectedPath": "cosmos/lookup/13_12719f1a07d1a8b4/icon.jpg"
        },
        {
            "name": "春色",
            "type": {
                "id": 6007,
                "path": "cosmos/lookup/14_bdb9f994250f60ba/lookup.png",
                "defaultValue": 0.4
            },
            "srcSelectedPath": "cosmos/lookup/14_bdb9f994250f60ba/icon.jpg",
            "srcNotSelectedPath": "cosmos/lookup/14_bdb9f994250f60ba/icon.jpg"
        },
        {
            "name": "神仙",
            "type": {
                "id": 6008,
                "path": "cosmos/lookup/16_35531f9a2cad7c90/lookup.png",
                "defaultValue": 0.4
            },
            "srcSelectedPath": "cosmos/lookup/16_35531f9a2cad7c90/icon.jpg",
            "srcNotSelectedPath": "cosmos/lookup/16_35531f9a2cad7c90/icon.jpg"
        },
        {
            "name": "亮白",
            "type": {
                "id": 6009,
                "path": "cosmos/lookup/18_a91668a83fef4b8a/lookup.png",
                "defaultValue": 0.4
            },
            "srcSelectedPath": "cosmos/lookup/18_a91668a83fef4b8a/icon.jpg",
            "srcNotSelectedPath": "cosmos/lookup/18_a91668a83fef4b8a/icon.jpg"
        },
        {
            "name": "活泼",
            "type": {
                "id": 6010,
                "path": "cosmos/lookup/19_5fad86fe84cc10ad/lookup.png",
                "defaultValue": 0.4
            },
            "srcSelectedPath": "cosmos/lookup/19_5fad86fe84cc10ad/icon.jpg",
            "srcNotSelectedPath": "cosmos/lookup/19_5fad86fe84cc10ad/icon.jpg"
        },
        {
            "name": "海边",
            "type": {
                "id": 6011,
                "path": "cosmos/lookup/23_318458850a0e654d/lookup.png",
                "defaultValue": 0.4
            },
            "srcSelectedPath": "cosmos/lookup/23_318458850a0e654d/icon.jpg",
            "srcNotSelectedPath": "cosmos/lookup/23_318458850a0e654d/icon.jpg"
        },
        {
            "name": "花海",
            "type": {
                "id": 6012,
                "path": "cosmos/lookup/39_6b0d0b6d81fc412f/lookup.png",
                "defaultValue": 0.4
            },
            "srcSelectedPath": "cosmos/lookup/39_6b0d0b6d81fc412f/icon.jpg",
            "srcNotSelectedPath": "cosmos/lookup/39_6b0d0b6d81fc412f/icon.jpg"
        },
        {
            "name": "简洁",
            "type": {
                "id": 6013,
                "path": "cosmos/lookup/42_439e19a8762fb09f/lookup.png",
                "defaultValue": 0.4
            },
            "srcSelectedPath": "cosmos/lookup/42_439e19a8762fb09f/icon.jpg",
            "srcNotSelectedPath": "cosmos/lookup/42_439e19a8762fb09f/icon.jpg"
        },
        {
            "name": "白润",
            "type": {
                "id": 6014,
                "path": "cosmos/lookup/49_808adb9957fd168f/lookup.png",
                "defaultValue": 0.4
            },
            "srcSelectedPath": "cosmos/lookup/49_808adb9957fd168f/icon.jpg",
            "srcNotSelectedPath": "cosmos/lookup/49_808adb9957fd168f/icon.jpg"
        },
        {
            "name": "粉色调",
            "type": {
                "id": 6015,
                "path": "cosmos/lookup/58_47d22ffbe8c354f0/lookup.png",
                "defaultValue": 0.4
            },
            "srcSelectedPath": "cosmos/lookup/58_47d22ffbe8c354f0/icon.jpg",
            "srcNotSelectedPath": "cosmos/lookup/58_47d22ffbe8c354f0/icon.jpg"
        }
    ]
}