{
    "id": 3,
    "name": "风格妆",
    "list": [
        {
            "name": "无风格",
            "type": {
                "id": 5000
            },
            "srcSelectedPath": "cosmos/icon/clear.png",
            "srcNotSelectedPath": "cosmos/icon/clear.png"
        },
        {
            "name": "美版",
            "type": {
                "id": 5001,
                "styleMakeupType": {
                    "path": "cosmos/makeup_style/01makeupstyle_heitonghua",
                    "defaultValue": 0.9
                },
                "styleLookupType": {
                    "defaultValue": 0.4
                }
            },
            "srcSelectedPath": "cosmos/makeup_style/01makeupstyle_heitonghua/icon.jpg",
            "srcNotSelectedPath": "cosmos/makeup_style/01makeupstyle_heitonghua/icon.jpg"
        },
        {
            "name": "裸粉",
            "type": {
                "id": 5002,
                "styleMakeupType": {
                    "path": "cosmos/makeup_style/02makeupstyle_luozhuang",
                    "defaultValue": 0.8
                },
                "styleLookupType": {
                    "defaultValue": 0.4
                }
            },
            "srcSelectedPath": "cosmos/makeup_style/02makeupstyle_luozhuang/icon.jpg",
            "srcNotSelectedPath": "cosmos/makeup_style/02makeupstyle_luozhuang/icon.jpg"
        },
        {
            "name": "清新",
            "type": {
                "id": 5003,
                "styleMakeupType": {
                    "path": "cosmos/makeup_style/06makeupstyle_yutu",
                    "defaultValue": 0.7
                },
                "styleLookupType": {
                    "defaultValue": 0.7
                }
            },
            "srcSelectedPath": "cosmos/makeup_style/06makeupstyle_yutu/icon.jpg",
            "srcNotSelectedPath": "cosmos/makeup_style/06makeupstyle_yutu/icon.jpg"
        },
        {
            "name": "明星",
            "type": {
                "id": 5004,
                "styleMakeupType": {
                    "path": "cosmos/makeup_style/07makeupstyle_shanshan",
                    "defaultValue": 0.65
                },
                "styleLookupType": {
                    "defaultValue": 0.5
                }
            },
            "srcSelectedPath": "cosmos/makeup_style/07makeupstyle_shanshan/icon.jpg",
            "srcNotSelectedPath": "cosmos/makeup_style/07makeupstyle_shanshan/icon.jpg"
        },
        {
            "name": "喜庆",
            "type": {
                "id": 5005,
                "styleMakeupType": {
                    "path": "cosmos/makeup_style/10makeupstyle_kuanianzhuang",
                    "defaultValue": 0.73
                },
                "styleLookupType": {
                    "defaultValue": 0.4
                }
            },
            "srcSelectedPath": "cosmos/makeup_style/10makeupstyle_kuanianzhuang/icon.jpg",
            "srcNotSelectedPath": "cosmos/makeup_style/10makeupstyle_kuanianzhuang/icon.jpg"
        },
        {
            "name": "玉女",
            "type": {
                "id": 5006,
                "styleMakeupType": {
                    "path": "cosmos/makeup_style/12makeupstyle_yuanqi",
                    "defaultValue": 0.7
                },
                "styleLookupType": {
                    "defaultValue": 0.7
                }
            },
            "srcSelectedPath": "cosmos/makeup_style/12makeupstyle_yuanqi/icon.jpg",
            "srcNotSelectedPath": "cosmos/makeup_style/12makeupstyle_yuanqi/icon.jpg"
        },
        {
            "name": "欧美",
            "type": {
                "id": 5007,
                "styleMakeupType": {
                    "path": "cosmos/makeup_style/13makeupstyle_hunxue",
                    "defaultValue": 0.7
                },
                "styleLookupType": {
                    "defaultValue": 0.65
                }
            },
            "srcSelectedPath": "cosmos/makeup_style/13makeupstyle_hunxue/icon.jpg",
            "srcNotSelectedPath": "cosmos/makeup_style/13makeupstyle_hunxue/icon.jpg"
        },
        {
            "name": "清纯",
            "type": {
                "id": 5008,
                "styleMakeupType": {
                    "path": "cosmos/makeup_style/16makeupstyle_wugu",
                    "defaultValue": 0.6
                },
                "styleLookupType": {
                    "defaultValue": 0.6
                }
            },
            "srcSelectedPath": "cosmos/makeup_style/16makeupstyle_wugu/icon.jpg",
            "srcNotSelectedPath": "cosmos/makeup_style/16makeupstyle_wugu/icon.jpg"
        },
        {
            "name": "御姐",
            "type": {
                "id": 5009,
                "styleMakeupType": {
                    "path": "cosmos/makeup_style/19makeupstyle_xiaoxiangzhuang",
                    "defaultValue": 0.7
                },
                "styleLookupType": {
                    "defaultValue": 0.65
                }
            },
            "srcSelectedPath": "cosmos/makeup_style/19makeupstyle_xiaoxiangzhuang/icon.jpg",
            "srcNotSelectedPath": "cosmos/makeup_style/19makeupstyle_xiaoxiangzhuang/icon.jpg"
        },
        {
            "name": "复古",
            "type": {
                "id": 5010,
                "styleMakeupType": {
                    "path": "cosmos/makeup_style/20makeupstyle_gangfeng",
                    "defaultValue": 0.7
                },
                "styleLookupType": {
                    "defaultValue": 0.7
                }
            },
            "srcSelectedPath": "cosmos/makeup_style/20makeupstyle_gangfeng/icon.jpg",
            "srcNotSelectedPath": "cosmos/makeup_style/20makeupstyle_gangfeng/icon.jpg"
        }
    ]
}
