{
    "id": 4,
    "name": "美妆",
    "list": [
        {
            "name": "口红",
            "type": {
                "id": 4001
            },
            "srcSelectedPath": "cosmos/icon/lip_selected.png",
            "srcNotSelectedPath": "cosmos/icon/lip_selected.png",
            "level2List": [
                {
                    "name": "返回",
                    "type": {
                        "id": 400100
                    },
                    "srcSelectedPath": "cosmos/icon/back.png",
                    "srcNotSelectedPath": "cosmos/icon/back.png"
                },
                {
                    "name": "清空",
                    "type": {
                        "id": 400101
                    },
                    "srcSelectedPath": "cosmos/icon/clear.png",
                    "srcNotSelectedPath": "cosmos/icon/clear.png"
                },
                {
                    "name": "流光红",
                    "type": {
                        "id": 400102,
                        "path": "cosmos/makeup/lip/liuguanghong",
                        "defaultValue": 0.4
                    },
                    "srcSelectedPath": "cosmos/makeup/lip/liuguanghong/icon.png",
                    "srcNotSelectedPath": "cosmos/makeup/lip/liuguanghong/icon.png"
                }
            ]
        },
        {
            "name": "腮红",
            "type": {
                "id": 4002
            },
            "srcSelectedPath": "cosmos/icon/blush_normal.png",
            "srcNotSelectedPath": "cosmos/icon/blush_normal.png",
            "level2List": [
                {
                    "name": "返回",
                    "type": {
                        "id": 400200
                    },
                    "srcSelectedPath": "cosmos/icon/back.png",
                    "srcNotSelectedPath": "cosmos/icon/back.png"
                },
                {
                    "name": "清空",
                    "type": {
                        "id": 400201
                    },
                    "srcSelectedPath": "cosmos/icon/clear.png",
                    "srcNotSelectedPath": "cosmos/icon/clear.png"
                },
                {
                    "name": "自然",
                    "type": {
                        "id": 400202,
                        "path": "cosmos/makeup/blush/ziran",
                        "defaultValue": 0.0
                    },
                    "srcSelectedPath": "cosmos/makeup/blush/ziran/icon.png",
                    "srcNotSelectedPath": "cosmos/makeup/blush/ziran/icon.png"
                }
            ]
        },
        {
            "name": "美瞳",
            "type": {
                "id": 4003
            },
            "srcSelectedPath": "cosmos/icon/pupil_selected.png",
            "srcNotSelectedPath": "cosmos/icon/pupil_selected.png",
            "level2List": [
                {
                    "name": "返回",
                    "type": {
                        "id": 400300
                    },
                    "srcSelectedPath": "cosmos/icon/back.png",
                    "srcNotSelectedPath": "cosmos/icon/back.png"
                },
                {
                    "name": "清空",
                    "type": {
                        "id": 400301
                    },
                    "srcSelectedPath": "cosmos/icon/clear.png",
                    "srcNotSelectedPath": "cosmos/icon/clear.png"
                },
                {
                    "name": "碎钻",
                    "type": {
                        "id": 400302,
                        "path": "cosmos/makeup/pupil/suizuan",
                        "defaultValue": 0.0
                    },
                    "srcSelectedPath": "cosmos/makeup/pupil/suizuan/icon.png",
                    "srcNotSelectedPath": "cosmos/makeup/pupil/suizuan/icon.png"
                }
            ]
        },
        {
            "name": "眼妆",
            "type": {
                "id": 4004
            },
            "srcSelectedPath": "cosmos/icon/eyeshadow_selected.png",
            "srcNotSelectedPath": "cosmos/icon/eyeshadow_selected.png",
            "level2List": [
                {
                    "name": "返回",
                    "type": {
                        "id": 400400
                    },
                    "srcSelectedPath": "cosmos/icon/back.png",
                    "srcNotSelectedPath": "cosmos/icon/back.png"
                },
                {
                    "name": "清空",
                    "type": {
                        "id": 400401
                    },
                    "srcSelectedPath": "cosmos/icon/clear.png",
                    "srcNotSelectedPath": "cosmos/icon/clear.png"
                },
                {
                    "name": "星河",
                    "type": {
                        "id": 400402,
                        "path": "cosmos/makeup/eyeshadow/xinghe",
                        "defaultValue": 0.0
                    },
                    "srcSelectedPath": "cosmos/makeup/eyeshadow/xinghe/icon.png",
                    "srcNotSelectedPath": "cosmos/makeup/eyeshadow/xinghe/icon.png"
                }
            ]
        },
        {
            "name": "眉毛",
            "type": {
                "id": 4005
            },
            "srcSelectedPath": "cosmos/icon/brow_normal.png",
            "srcNotSelectedPath": "cosmos/icon/brow_normal.png",
            "level2List": [
                {
                    "name": "返回",
                    "type": {
                        "id": 400500
                    },
                    "srcSelectedPath": "cosmos/icon/back.png",
                    "srcNotSelectedPath": "cosmos/icon/back.png"
                },
                {
                    "name": "清空",
                    "type": {
                        "id": 400501
                    },
                    "srcSelectedPath": "cosmos/icon/clear.png",
                    "srcNotSelectedPath": "cosmos/icon/clear.png"
                },
                {
                    "name": "少女",
                    "type": {
                        "id": 400502,
                        "path": "cosmos/makeup/brow/shaonv",
                        "defaultValue": 0.0
                    },
                    "srcSelectedPath": "cosmos/makeup/brow/shaonv/icon.png",
                    "srcNotSelectedPath": "cosmos/makeup/brow/shaonv/icon.png"
                }
            ]
        },
        {
            "name": "修容",
            "type": {
                "id": 4006
            },
            "srcSelectedPath": "cosmos/icon/facial_detected.png",
            "srcNotSelectedPath": "cosmos/icon/facial_detected.png",
            "level2List": [
                {
                    "name": "返回",
                    "type": {
                        "id": 400600
                    },
                    "srcSelectedPath": "cosmos/icon/back.png",
                    "srcNotSelectedPath": "cosmos/icon/back.png"
                },
                {
                    "name": "清空",
                    "type": {
                        "id": 400601
                    },
                    "srcSelectedPath": "cosmos/icon/clear.png",
                    "srcNotSelectedPath": "cosmos/icon/clear.png"
                },
                {
                    "name": "鼻影",
                    "type": {
                        "id": 400602,
                        "path": "cosmos/makeup/facial/biying",
                        "defaultValue": 0.0
                    },
                    "srcSelectedPath": "cosmos/makeup/facial/biying/icon.png",
                    "srcNotSelectedPath": "cosmos/makeup/facial/biying/icon.png"
                }
            ]
        }
    ]
}