{
    "id": 2,
    "name": "微整形",
    "list": [
        {
            "name": "脸宽",
            "type": {
                "id": 3001,
                "defaultValue": 0.0
            },
            "srcSelectedPath": "cosmos/icon/face_width.png",
            "srcNotSelectedPath": "cosmos/icon/face_width.png"
        },
        {
            "name": "削脸",
            "type": {
                "id": 3002,
                "defaultValue": 0.0
            },
            "srcSelectedPath": "cosmos/icon/face_cut.png",
            "srcNotSelectedPath": "cosmos/icon/face_cut.png"
        },
        {
            "name": "短脸",
            "type": {
                "id": 3003,
                "defaultValue": 0.0
            },
            "srcSelectedPath": "cosmos/icon/shorten_face.png",
            "srcNotSelectedPath": "cosmos/icon/shorten_face.png"
        },
        {
            "name": "额头",
            "type": {
                "id": 3004,
                "defaultValue": 0.0
            },
            "srcSelectedPath": "cosmos/icon/forehead_selected.png",
            "srcNotSelectedPath": "cosmos/icon/forehead_selected.png"
        },
        {
            "name": "下巴",
            "type": {
                "id": 3005,
                "defaultValue": 0.0
            },
            "srcSelectedPath": "cosmos/icon/chin_normal.png",
            "srcNotSelectedPath": "cosmos/icon/chin_normal.png"
        },
        {
            "name": "颧骨",
            "type": {
                "id": 3006,
                "defaultValue": 0.0
            },
            "srcSelectedPath": "cosmos/icon/thincheekbone.png",
            "srcNotSelectedPath": "cosmos/icon/thincheekbone.png"
        },
        {
            "name": "下颌骨",
            "type": {
                "id": 3007,
                "defaultValue": 0.0
            },
            "srcSelectedPath": "cosmos/icon/thin_jaw.png",
            "srcNotSelectedPath": "cosmos/icon/thin_jaw.png"
        },
        {
            "name": "鼻子宽度",
            "type": {
                "id": 3008,
                "defaultValue": 0.0
            },
            "srcSelectedPath": "cosmos/icon/nose_width.png",
            "srcNotSelectedPath": "cosmos/icon/nose_width.png"
        },
        {
            "name": "鼻子大小",
            "type": {
                "id": 3009,
                "defaultValue": 0.0
            },
            "srcSelectedPath": "cosmos/icon/nose_size_detected.png",
            "srcNotSelectedPath": "cosmos/icon/nose_size_detected.png"
        },
        {
            "name": "鼻高",
            "type": {
                "id": 3010,
                "defaultValue": 0.0
            },
            "srcSelectedPath": "cosmos/icon/nose_height.png",
            "srcNotSelectedPath": "cosmos/icon/nose_height.png"
        },
        {
            "name": "鼻梁",
            "type": {
                "id": 3011,
                "defaultValue": 0.0
            },
            "srcSelectedPath": "cosmos/icon/nose_bridge.png",
            "srcNotSelectedPath": "cosmos/icon/nose_bridge.png"
        },
        {
            "name": "鼻尖",
            "type": {
                "id": 3012,
                "defaultValue": 0.0
            },
            "srcSelectedPath": "cosmos/icon/nose_point_selected.png",
            "srcNotSelectedPath": "cosmos/icon/nose_point_selected.png"
        },
        {
            "name": "眼睛角度",
            "type": {
                "id": 3013,
                "defaultValue": 0.0
            },
            "srcSelectedPath": "cosmos/icon/eye_angle.png",
            "srcNotSelectedPath": "cosmos/icon/eye_angle.png"
        },
        {
            "name": "眼距",
            "type": {
                "id": 3014,
                "defaultValue": 0.0
            },
            "srcSelectedPath": "cosmos/icon/eye_distance.png",
            "srcNotSelectedPath": "cosmos/icon/eye_distance.png"
        },
        {
            "name": "眼高",
            "type": {
                "id": 3015,
                "defaultValue": 0.0
            },
            "srcSelectedPath": "cosmos/icon/eye_height.png",
            "srcNotSelectedPath": "cosmos/icon/eye_height.png"
        },
        {
            "name": "嘴唇厚度",
            "type": {
                "id": 3016,
                "defaultValue": 0.0
            },
            "srcSelectedPath": "cosmos/icon/lip_thickness_selected.png",
            "srcNotSelectedPath": "cosmos/icon/lip_thickness_selected.png"
        },
        {
            "name": "嘴唇大小",
            "type": {
                "id": 3017,
                "defaultValue": 0.0
            },
            "srcSelectedPath": "cosmos/icon/mouth_size_selected.png",
            "srcNotSelectedPath": "cosmos/icon/mouth_size_selected.png"
        },
        {
            "name": "祛法令纹",
            "type": {
                "id": 3018,
                "defaultValue": 0.0
            },
            "srcSelectedPath": "cosmos/icon/eye_other.png",
            "srcNotSelectedPath": "cosmos/icon/eye_other.png"
        },
        {
            "name": "祛眼袋",
            "type": {
                "id": 3019,
                "defaultValue": 0.0
            },
            "srcSelectedPath": "cosmos/icon/eyebag_selected.png",
            "srcNotSelectedPath": "cosmos/icon/eyebag_selected.png"
        },
        {
            "name": "亮眼",
            "type": {
                "id": 3020,
                "defaultValue": 0.0
            },
            "srcSelectedPath": "cosmos/icon/eye_light_selected.png",
            "srcNotSelectedPath": "cosmos/icon/eye_light_selected.png"
        },
        {
            "name": "白牙",
            "type": {
                "id": 3021,
                "defaultValue": 0.0
            },
            "srcSelectedPath": "cosmos/icon/teeth_white.png",
            "srcNotSelectedPath": "cosmos/icon/teeth_white.png"
        }
    ]
}